molecule_chembl_id,canonical_smiles,MW,LogP,NumHDonors,NumHAcceptors,pIC50
CHEMBL68253,NS(=O)(=O)O,97.09499999999998,-1.2520999999999995,2.0,2.0,4.375717904164332
CHEMBL1339340,Cc1ccc2nc(-c3ccc(N)cc3)sc2c1S(=O)(=O)O,320.39500000000004,3.10062,2.0,5.0,4.8696662315049934
CHEMBL3088000,CC1=NN(c2ccc(S(=O)(=O)O)cc2)C(=O)C1,254.26699999999997,1.0459,1.0,4.0,5.214670164989233
CHEMBL3087999,Nc1c(O)cc(S(=O)(=O)O)c2cc([N+](=O)[O-])ccc12,284.249,1.2825,3.0,6.0,4.3872161432802645
CHEMBL3087998,Nc1ccc(Nc2ccc([N+](=O)[O-])cc2)c(S(=O)(=O)O)c1,309.30300000000005,2.1673,3.0,6.0,4.3223930472795065
CHEMBL1566888,Nc1ccc(S(=O)(=O)O)cc1,173.193,0.5155000000000001,2.0,3.0,5.086186147616283
CHEMBL3087996,NC(=O)Nc1ccc2cc(S(=O)(=O)O)cc(O)c2c1,282.277,1.2827000000000002,4.0,4.0,4.515700160653214
CHEMBL60494,Nc1cc(S(=O)(=O)O)cc2cc(S(=O)(=O)O)cc(O)c12,319.31600000000003,0.6209999999999998,4.0,6.0,4.661543506395395
CHEMBL3087995,Nc1ccc2cc(S(=O)(=O)O)cc(O)c2c1,239.252,1.3743,3.0,4.0,5.87942606879415
CHEMBL3799629,COC1Oc2ccccc2C(=O)/C1=C\Nc1ccc(S(N)(=O)=O)cc1,360.3910000000001,1.8776,2.0,6.0,5.148130399270234
CHEMBL3797302,COC1Oc2ccccc2C(=O)/C1=C\Nc1cccc(S(N)(=O)=O)c1,360.3910000000001,1.8776000000000002,2.0,6.0,6.42021640338319
CHEMBL3799469,COC1Oc2ccccc2C(=O)/C1=C\Nc1ccccc1S(N)(=O)=O,360.3910000000001,1.8776,2.0,6.0,5.718966632752273
CHEMBL3797640,COC1Oc2ccc(Cl)cc2C(=O)/C1=C\Nc1ccc(S(N)(=O)=O)cc1,394.8360000000001,2.5309999999999997,2.0,6.0,5.779891911959945
CHEMBL3799691,COC1Oc2ccc(Cl)cc2C(=O)/C1=C\Nc1cccc(S(N)(=O)=O)c1,394.8360000000001,2.5309999999999997,2.0,6.0,6.251811972993799
CHEMBL3799027,COC1Oc2ccc(Cl)cc2C(=O)/C1=C\Nc1ccccc1S(N)(=O)=O,394.8360000000001,2.530999999999999,2.0,6.0,5.8696662315049934
CHEMBL3798620,COC1Oc2c(Cl)cc(Cl)cc2C(=O)/C1=C\Nc1ccc(S(N)(=O)=O)cc1,429.2810000000001,3.1844,2.0,6.0,5.534617148551582
CHEMBL3800429,COC1Oc2c(Cl)cc(Cl)cc2C(=O)/C1=C\Nc1cccc(S(N)(=O)=O)c1,429.2810000000001,3.1844,2.0,6.0,6.013228265733755
CHEMBL3800324,COC1Oc2c(Cl)cc(Cl)cc2C(=O)/C1=C\Nc1ccccc1S(N)(=O)=O,429.2810000000001,3.184400000000001,2.0,6.0,6.055517327849832
CHEMBL3798555,CC(C)OC1Oc2ccccc2C(=O)/C1=C\Nc1ccc(S(N)(=O)=O)cc1,388.4450000000001,2.6562,2.0,6.0,5.931814138253839
CHEMBL3798753,CC(C)OC1Oc2ccccc2C(=O)/C1=C\Nc1cccc(S(N)(=O)=O)c1,388.4450000000001,2.6562,2.0,6.0,6.542118103266008
CHEMBL3800455,CCCCOC1Oc2ccccc2C(=O)/C1=C\Nc1ccc(S(N)(=O)=O)cc1,402.47200000000015,3.0479000000000003,2.0,6.0,5.87942606879415
CHEMBL3798795,CCCCOC1Oc2ccccc2C(=O)/C1=C\Nc1cccc(S(N)(=O)=O)c1,402.47200000000015,3.0479000000000003,2.0,6.0,6.423658649794207
CHEMBL4126132,Cc1ccc(NC2=Nc3c(O)cc(Cl)cc3S(=O)(=O)N2)cc1,337.78800000000007,2.74552,3.0,5.0,6.0
CHEMBL4129881,CN(C)C(=O)Cc1cccc(NC2=Nc3c(O)cc(Cl)cc3S(=O)(=O)N2)c1,408.86700000000013,2.0678,3.0,6.0,5.499999678657065
CHEMBL4126605,O=S1(=O)NC(Nc2cccc3[nH]ccc23)=Nc2c(O)cc(Cl)cc21,362.79800000000006,2.9184,4.0,5.0,6.499996931948306
CHEMBL4126449,O=S1(=O)NC(Nc2cccc(O)c2)=Nc2c(O)cc(F)cc21,323.30500000000006,1.6283999999999996,4.0,6.0,7.0
CHEMBL4127838,O=S1(=O)N=C(Nc2cc(F)c3[nH]ccc3c2)Nc2c(O)cc(Cl)c(Br)c21,459.6840000000002,4.0108,4.0,5.0,7.199970640755866
CHEMBL4127683,O=S1(=O)NC(Nc2cccc3[nH]ncc23)=Nc2c1cc(Cl)c(F)c2O,381.77600000000007,2.4525,4.0,6.0,7.79997073344623
CHEMBL4287314,Nc1nc(Cl)nc2c1ncn2[C@@H]1O[C@H](COP(=O)(O)CP(=O)(O)O)[C@@H](O)[C@@H]1F,461.6670000000001,-0.004500000000000448,5.0,10.0,6.619788758288394
CHEMBL4287314,Nc1nc(Cl)nc2c1ncn2[C@@H]1O[C@H](COP(=O)(O)CP(=O)(O)O)[C@@H](O)[C@@H]1F,461.6670000000001,-0.004500000000000448,5.0,10.0,5.494850021680094
CHEMBL4287314,Nc1nc(Cl)nc2c1ncn2[C@@H]1O[C@H](COP(=O)(O)CP(=O)(O)O)[C@@H](O)[C@@H]1F,461.6670000000001,-0.004500000000000448,5.0,10.0,6.7447274948966935
CHEMBL4283386,Nc1nc(Cl)nc2c1ncn2[C@H]1C[C@H](O)[C@@H](COP(=O)(O)CP(=O)(O)O)O1,443.67700000000013,0.04749999999999954,5.0,10.0,5.698970004336019
CHEMBL4283386,Nc1nc(Cl)nc2c1ncn2[C@H]1C[C@H](O)[C@@H](COP(=O)(O)CP(=O)(O)O)O1,443.67700000000013,0.04749999999999954,5.0,10.0,3.83238732727247
CHEMBL4276670,Nc1nc(F)nc2c1ncn2[C@@H]1O[C@H](COP(=O)(O)CP(=O)(O)O)[C@@H](O)[C@@H]1O,443.2210000000001,-1.4960000000000007,6.0,11.0,3.95116991347165
CHEMBL4276670,Nc1nc(F)nc2c1ncn2[C@@H]1O[C@H](COP(=O)(O)CP(=O)(O)O)[C@@H](O)[C@@H]1O,443.2210000000001,-1.4960000000000007,6.0,11.0,5.657577319177793
CHEMBL583969,Nc1ncnc2c1ncn2[C@@H]1O[C@H](COP(=O)(O)CP(=O)(O)O)[C@@H](O)[C@H]1O,425.23100000000005,-1.6351000000000009,6.0,11.0,5.42021640338319
CHEMBL583969,Nc1ncnc2c1ncn2[C@@H]1O[C@H](COP(=O)(O)CP(=O)(O)O)[C@@H](O)[C@H]1O,425.23100000000005,-1.6351000000000009,6.0,11.0,4.669586226650809
CHEMBL583969,Nc1ncnc2c1ncn2[C@@H]1O[C@H](COP(=O)(O)CP(=O)(O)O)[C@@H](O)[C@H]1O,425.23100000000005,-1.6351000000000009,6.0,11.0,4.627087997029894
CHEMBL4592018,Cc1cccc(-n2nccc2-c2cc(Cl)c3nnn(-c4ccc5cn[nH]c5c4)c3c2)c1,425.88300000000015,5.111320000000004,1.0,6.0,6.657577319177793
CHEMBL4475618,Cc1cccc(-n2nccc2-c2cc(F)c3nnn(-c4ccc5cn[nH]c5c4)c3c2)c1,409.4280000000001,4.597020000000003,1.0,6.0,6.47755576649368
CHEMBL4450136,Cc1cccc(-n2nccc2-c2ccc3nnn(-c4ccc5cn[nH]c5c4)c3c2)c1,391.4380000000001,4.457920000000002,1.0,6.0,6.51427857351842
CHEMBL4475169,Cc1ccc(-n2nccc2-c2ccc3nnn(-c4ccc5cn[nH]c5c4)c3c2)cc1,391.4380000000001,4.457920000000002,1.0,6.0,3.0
CHEMBL4471997,Cc1ccccc1-n1nccc1-c1ccc2nnn(-c3ccc4cn[nH]c4c3)c2c1,391.43800000000016,4.457920000000003,1.0,6.0,3.0
CHEMBL4470469,c1ccc(Cn2nccc2-c2ccc3nnn(-c4ccc5cn[nH]c5c4)c3c2)cc1,391.4380000000001,4.208600000000002,1.0,6.0,5.958607314841775
CHEMBL4586214,c1ccc(-n2nccc2-c2ccc3nnn(-c4ccc5cn[nH]c5c4)c3c2)cc1,377.4110000000001,4.1495000000000015,1.0,6.0,5.045757490560675
CHEMBL4593262,Cn1nccc1-c1ccc2nnn(-c3ccc4cn[nH]c4c3)c2c1,315.34000000000003,2.6973000000000003,1.0,6.0,5.036212172654444
CHEMBL4454095,CCc1cc(-c2ccnn2C)cc2c1nnn2-c1cccc(O)c1,319.368,3.0890000000000013,1.0,6.0,3.853871964321762
CHEMBL4547821,C=Cc1cc(-c2ccnn2C)cc2c1nnn2-c1cccc(O)c1,317.35200000000003,3.169600000000001,1.0,6.0,4.847711655616943
CHEMBL4552735,Cc1cc(-c2ccnn2C)cc2c1nnn2-c1cccc(O)c1,305.34100000000007,2.835020000000001,1.0,6.0,5.292429823902063
CHEMBL4435738,Cn1nccc1-c1cc(C#N)c2nnn(-c3cccc(O)c3)c2c1,316.32400000000007,2.3982800000000006,1.0,7.0,4.920818753952375
CHEMBL4472891,Cn1nccc1-c1cc(Cl)c2nnn(-c3cccc(O)c3)c2c1,325.75900000000007,3.1800000000000015,1.0,6.0,5.769551078621726
CHEMBL4575881,COc1cc(-c2ccnn2C)cc2c1nnn2-c1cccc(O)c1,321.34000000000003,2.5352000000000006,1.0,7.0,3.0
CHEMBL4455683,Cn1nccc1-c1cc(NCCO)c2nnn(-c3cccc(O)c3)c2c1,350.38200000000006,1.9307999999999996,3.0,8.0,4.309803919971486
CHEMBL4580360,Cn1nccc1-c1cc(N2CCCC2)c2nnn(-c3cccc(O)c3)c2c1,360.421,3.126800000000002,1.0,7.0,3.0
CHEMBL4515356,Cn1nccc1-c1cc(NCc2ccccc2)c2nnn(-c3cccc(O)c3)c2c1,396.4540000000001,4.138700000000003,2.0,7.0,3.0
CHEMBL4436155,Cn1nccc1-c1ccc2nnn(-c3cccc(O)c3)c2c1,291.314,2.5266,1.0,6.0,4.651695136951839
CHEMBL4469865,Oc1cccc(-c2nnc3ccc(-c4ccns4)cn23)c1,294.33900000000006,3.2254000000000014,1.0,6.0,5.045757490560675
CHEMBL4552553,Oc1cccc(-c2nnc3ccc(-c4ccc[nH]4)cn23)c1,276.29900000000004,3.0970000000000013,2.0,4.0,4.327902142064283
CHEMBL4449600,Oc1cccc(-c2nnc3ccc(-c4ccn[nH]4)cn23)c1,277.28700000000003,2.492,2.0,5.0,4.2644011003018205
CHEMBL4470515,Oc1cccc(-c2nnc3ccc(-n4cccn4)cn23)c1,277.28700000000003,2.2875999999999994,1.0,6.0,3.9172146296835497
CHEMBL4590414,Oc1cccc(-c2nnc3ccc(-c4cnoc4)cn23)c1,278.271,2.756900000000001,1.0,6.0,3.7189666327522723
CHEMBL4453341,Oc1cccc(-c2nnc3ccc(-c4cn[nH]c4)cn23)c1,277.28700000000003,2.492,2.0,5.0,4.166852888087215
CHEMBL4536956,Oc1cccc(-c2nnc3ccc(-c4cnn[nH]4)cn23)c1,278.27500000000003,1.8869999999999996,2.0,6.0,3.748361779551788
CHEMBL4576607,Oc1cccc(-c2nnc3ccc(-c4ncco4)cn23)c1,278.271,2.756900000000001,1.0,6.0,3.0
CHEMBL4546738,Cn1cc(-c2ccc3nnc(-c4cccc(O)c4)n3c2)cn1,291.314,2.5024000000000006,1.0,6.0,3.0
CHEMBL4575349,Cn1nccc1-c1ccc2nnc(-c3cccc(O)c3)n2c1,291.314,2.5024000000000006,1.0,6.0,4.863279432843593
CHEMBL4438698,Cc1occc1-c1ccc2nnc(-c3cccc(O)c3)n2c1,291.31,3.670320000000002,1.0,5.0,4.906578314837765
CHEMBL4458447,Cc1cc2cn[nH]c2cc1-c1nnc2ccc(-c3ccoc3)cn12,315.336,3.841020000000002,1.0,5.0,3.0
CHEMBL4455639,c1cc(-c2ccc3nnc(-c4ccc5cn[nH]c5c4)n3c2)co1,301.309,3.5326000000000013,1.0,5.0,5.2839966563652006
CHEMBL4458051,O=C1Cc2ccc(-c3nnc4ccc(-c5ccoc5)cn34)cc2N1,316.32,3.1509,1.0,5.0,3.8297382846050425
CHEMBL4455232,c1cc2ccc(-c3nnc4ccc(-c5ccoc5)cn34)cc2[nH]1,300.321,4.137600000000003,1.0,4.0,3.0
CHEMBL4533043,CS(=O)(=O)Nc1cccc(-c2nnc3ccc(-c4ccoc4)cn23)c1,354.3910000000001,3.027800000000001,1.0,6.0,3.0
CHEMBL4517120,O=C(O)c1cccc(-c2nnc3ccc(-c4ccoc4)cn23)c1,305.293,3.3545000000000016,1.0,5.0,3.0
CHEMBL4457965,c1cncc(-c2nnc3ccc(-c4ccoc4)cn23)c1,262.27200000000005,3.0513000000000012,0.0,5.0,4.011887159731648
CHEMBL4441767,c1ccc(-c2nnc3ccc(-c4ccoc4)cn23)cc1,261.284,3.6563000000000025,0.0,4.0,3.0
CHEMBL4441982,COc1cccc(-c2nnc3ccc(-c4ccoc4)cn23)c1,291.31,3.664900000000003,0.0,5.0,3.0
CHEMBL4558682,Oc1cc(F)cc(-c2nnc3ccc(-c4ccoc4)cn23)c1,295.273,3.501000000000002,1.0,5.0,3.0
CHEMBL4577761,Oc1cccc(-c2nnc3ccc(-c4ccoc4)cn23)c1F,295.273,3.501000000000002,1.0,5.0,3.3467874862246565
CHEMBL4436486,Oc1cccc(-n2nnc3ccc(-c4ccoc4)cc32)c1,277.2830000000001,3.3861000000000017,1.0,5.0,5.0
CHEMBL4538015,Oc1cccc(-n2nnc3cnc(-c4ccoc4)nc32)c1,279.25900000000007,2.1761,1.0,7.0,3.0
CHEMBL4582500,Oc1cccc(-n2cnc3cnc(-c4ccoc4)nc32)c1,278.271,2.7811000000000003,1.0,6.0,4.00436480540245
CHEMBL4577803,Oc1cccc(-c2cnc3ccc(-c4ccoc4)cn23)c1,276.295,3.9669000000000025,1.0,4.0,3.0
CHEMBL4462446,Oc1cccc(-c2cnc3ccc(-c4ccoc4)nn23)c1,277.283,3.361900000000002,1.0,5.0,3.0
CHEMBL4447974,Oc1cccc(-c2c[nH]c3ncc(-c4ccoc4)cc23)c1,276.295,4.195500000000002,2.0,3.0,3.0
CHEMBL4457696,Oc1cccc(-n2cnc3ccc(-c4ccoc4)cc32)c1,276.295,3.991100000000003,1.0,4.0,3.0
CHEMBL4460393,Oc1cccc(-n2ncc3ccc(-c4ccoc4)cc32)c1,276.295,3.991100000000003,1.0,4.0,3.0
CHEMBL4587483,Oc1cccc(-c2n[nH]c3ccc(-c4ccoc4)cc23)c1,276.295,4.195500000000003,2.0,3.0,3.0
CHEMBL4513281,Oc1cccc(-c2nnc3ccc(-c4ccoc4)cn23)c1,277.283,3.361900000000002,1.0,5.0,4.806597096937582
CHEMBL4565428,N#Cc1cccc(-n2nccc2-c2ccc3nnn(-c4ccc5cn[nH]c5c4)c3c2)c1,402.4210000000001,4.021180000000002,1.0,7.0,5.54515513999149
CHEMBL4458017,FC(F)(F)c1cccc(-n2nccc2-c2ccc3nnn(-c4ccc5cn[nH]c5c4)c3c2)c1,445.40800000000013,5.168300000000003,1.0,6.0,6.480172006224281
CHEMBL4545510,COc1cccc(-n2nccc2-c2ccc3nnn(-c4ccc5cn[nH]c5c4)c3c2)c1,407.4370000000001,4.158100000000002,1.0,7.0,6.189767482004916
CHEMBL4580953,FC(F)(F)Oc1cccc(-n2nccc2-c2ccc3nnn(-c4ccc5cn[nH]c5c4)c3c2)c1,461.40700000000015,5.048100000000003,1.0,7.0,6.38933983691012
CHEMBL4442923,Fc1cccc(-n2nccc2-c2ccc3nnn(-c4ccc5cn[nH]c5c4)c3c2)c1,395.4010000000001,4.288600000000002,1.0,6.0,5.621602099051862
CHEMBL4588425,Clc1cccc(-n2nccc2-c2ccc3nnn(-c4ccc5cn[nH]c5c4)c3c2)c1,411.8560000000001,4.802900000000003,1.0,6.0,6.443697499232712
CHEMBL4473774,Fc1cc(-c2ccnn2Cc2ccccc2)cc2c1nnn2-c1ccc2cn[nH]c2c1,409.4280000000001,4.347700000000002,1.0,6.0,6.6777807052660805
CHEMBL4450557,Clc1cc(-c2ccnn2Cc2ccccc2)cc2c1nnn2-c1ccc2cn[nH]c2c1,425.8830000000001,4.862000000000004,1.0,6.0,6.85078088734462
CHEMBL4443574,Clc1ccccc1Cn1nccc1-c1ccc2nnn(-c3ccc4cn[nH]c4c3)c2c1,425.8830000000001,4.862000000000003,1.0,6.0,6.847711655616943
CHEMBL4554174,Clc1cccc(Cn2nccc2-c2ccc3nnn(-c4ccc5cn[nH]c5c4)c3c2)c1,425.8830000000001,4.862000000000003,1.0,6.0,5.987162775294828
CHEMBL4528781,Clc1ccc(Cn2nccc2-c2ccc3nnn(-c4ccc5cn[nH]c5c4)c3c2)cc1,425.88300000000015,4.862000000000003,1.0,6.0,7.187086643357144
CHEMBL4547622,Cc1ccccc1Cn1nccc1-c1ccc2nnn(-c3ccc4cn[nH]c4c3)c2c1,405.46500000000015,4.517020000000003,1.0,6.0,6.649751981665837
CHEMBL4453205,Cc1ccc(Cn2nccc2-c2ccc3nnn(-c4ccc5cn[nH]c5c4)c3c2)cc1,405.46500000000015,4.517020000000002,1.0,6.0,7.107905397309519
CHEMBL4591024,c1ccc(Cn2nccc2-c2ccc3nnn(-c4ccc5cn[nH]c5c4)c3c2)nc1,392.4260000000001,3.603600000000001,1.0,7.0,6.570247719997592
CHEMBL4530339,c1cncc(Cn2nccc2-c2ccc3nnn(-c4ccc5cn[nH]c5c4)c3c2)c1,392.4260000000001,3.603600000000002,1.0,7.0,5.432973633840939
CHEMBL4444065,c1cc(Cn2nccc2-c2ccc3nnn(-c4ccc5cn[nH]c5c4)c3c2)ccn1,392.4260000000001,3.603600000000002,1.0,7.0,6.186419011431808
CHEMBL4457769,CS(=O)(=O)c1ccc(Cn2nccc2-c2ccc3nnn(-c4ccc5cn[nH]c5c4)c3c2)cc1,469.53000000000014,3.6121000000000016,1.0,8.0,5.2716462179787715
CHEMBL4471082,CC(C)c1ccc(Cn2nccc2-c2ccc3nnn(-c4ccc5cn[nH]c5c4)c3c2)cc1,433.5190000000001,5.332000000000004,1.0,6.0,6.2262135550188065
CHEMBL4576728,N#Cc1ccc(Cn2nccc2-c2ccc3nnn(-c4ccc5cn[nH]c5c4)c3c2)cc1,416.44800000000015,4.080280000000002,1.0,7.0,7.6777807052660805
CHEMBL4438144,N#Cc1ccc(Cn2nccc2-c2cc(F)c3nnn(-c4ccc5cn[nH]c5c4)c3c2)cc1,434.4380000000001,4.219380000000002,1.0,7.0,7.522878745280337
CHEMBL4467828,N#Cc1ccc(Cn2nccc2-c2cc(Cl)c3nnn(-c4ccc5cn[nH]c5c4)c3c2)cc1,450.89300000000014,4.733680000000003,1.0,7.0,7.657577319177793
CHEMBL4465633,Clc1ccc(Cl)c(Cn2nccc2-c2ccc3nnn(-c4ccc5cn[nH]c5c4)c3c2)n1,461.31600000000014,4.910400000000004,1.0,7.0,6.318758762624412
CHEMBL4469265,Clc1ccc(Cn2nccc2-c2ccc3nnn(-c4ccc5cn[nH]c5c4)c3c2)nc1,426.87100000000015,4.257000000000002,1.0,7.0,6.790484985457369
CHEMBL4436273,Clc1cccnc1Cn1nccc1-c1ccc2nnn(-c3ccc4cn[nH]c4c3)c2c1,426.8710000000001,4.257000000000002,1.0,7.0,5.170696227168975
CHEMBL4581829,N#Cc1ccc(Cn2nccc2-c2ccc3nnn(-c4ccc5cn[nH]c5c4)c3c2)nc1,417.43600000000015,3.4752800000000006,1.0,8.0,7.2441251443275085
CHEMBL4463759,Fc1cc(Cl)ccc1Cn1nccc1-c1ccc2nnn(-c3ccc4cn[nH]c4c3)c2c1,443.87300000000016,5.001100000000004,1.0,6.0,7.267606240177032
CHEMBL4549571,Clc1ccc(Cn2nccc2-c2ccc3nnn(-c4ccc5cn[nH]c5c4)c3c2)c(Cl)c1,460.3280000000002,5.515400000000003,1.0,6.0,7.346787486224656
CHEMBL4516795,N#Cc1ccc(Cn2nccc2-c2cc(F)c3nnn(-c4ccc5[nH]c(=O)[nH]c5c4)c3c2)cc1,477.31500000000017,4.203700000000002,2.0,7.0,3.94692155651658
CHEMBL4454426,N#Cc1ccc(Cn2nccc2-c2cc3c(cn2)nnn3-c2ccc3[nH]c(=O)[nH]c3c2)c(Cl)c1,477.3150000000001,4.203700000000002,2.0,7.0,3.8601209135987635
CHEMBL4527142,O=c1[nH]c2ccc(-n3nnc4cnc(-c5ccnn5Cc5ccc(Cl)cc5Cl)cc43)cc2[nH]1,467.88000000000017,3.4219800000000005,2.0,8.0,4.008773924307505
CHEMBL4522718,O=c1[nH]c2ccc(-n3nnc4c(Cl)cc(-c5ccnn5Cc5ccc(Cl)cn5)cc43)cc2[nH]1,434.4380000000001,4.219380000000002,1.0,7.0,3.910094888560602
CHEMBL4456158,N#Cc1ccc(Cn2nccc2-c2cc(Cl)c3nnn(-c4ccc5[nH]c(=O)[nH]c5c4)c3c2)nc1,450.89300000000014,4.733680000000003,1.0,7.0,3.8601209135987635
CHEMBL4438144,N#Cc1ccc(Cn2nccc2-c2cc(F)c3nnn(-c4ccc5cn[nH]c5c4)c3c2)cc1,475.3430000000002,5.097600000000002,2.0,7.0,7.906578314837765
CHEMBL4467828,N#Cc1ccc(Cn2nccc2-c2cc(Cl)c3nnn(-c4ccc5cn[nH]c5c4)c3c2)cc1,461.31600000000014,4.910400000000003,1.0,7.0,7.723538195826756
CHEMBL4527606,Nc1nn(-c2ccc3cn[nH]c3c2)c2cc(-c3ccnn3Cc3ccc(Cl)cc3Cl)cnc12,467.8800000000001,3.4219800000000014,2.0,8.0,7.247951552180561
CHEMBL4454039,Clc1ccc(Cn2nccc2-c2cc(Cl)c3nnn(-c4ccc5cn[nH]c5c4)c3c2)nc1,477.31500000000017,4.203700000000002,2.0,7.0,7.336299074610352
CHEMBL4516795,N#Cc1ccc(Cn2nccc2-c2cc(F)c3nnn(-c4ccc5[nH]c(=O)[nH]c5c4)c3c2)cc1,477.3150000000001,4.203700000000002,2.0,7.0,7.2716462179787715
CHEMBL4454426,N#Cc1ccc(Cn2nccc2-c2cc3c(cn2)nnn3-c2ccc3[nH]c(=O)[nH]c3c2)c(Cl)c1,467.88000000000017,3.4219800000000005,2.0,8.0,7.305394801066432
CHEMBL4527142,O=c1[nH]c2ccc(-n3nnc4cnc(-c5ccnn5Cc5ccc(Cl)cc5Cl)cc43)cc2[nH]1,580.8300000000002,2.353300000000001,6.0,10.0,7.199970640755866
CHEMBL4522718,O=c1[nH]c2ccc(-n3nnc4c(Cl)cc(-c5ccnn5Cc5ccc(Cl)cn5)cc43)cc2[nH]1,580.8300000000002,2.353300000000001,6.0,10.0,7.262012673666569
CHEMBL4456158,N#Cc1ccc(Cn2nccc2-c2cc(Cl)c3nnn(-c4ccc5[nH]c(=O)[nH]c5c4)c3c2)nc1,580.8300000000002,2.353300000000001,6.0,10.0,7.251811972993799
CHEMBL4471306,C[C@H](Nc1cc(Cl)nc2c1cnn2[C@@H]1O[C@H](COP(=O)(O)CP(=O)(O)O)[C@@H](O)[C@H]1O)c1ccccc1F,581.8180000000002,1.7482999999999995,6.0,11.0,10.387216143280265
CHEMBL4761506,C[C@H](Nc1cc(Cl)nc2c1cnn2[C@@H]1O[C@H](COP(=O)(O)CP(=O)(O)O)[C@@H](O)[C@H]1O)c1ccc(F)cc1,580.8300000000002,2.353300000000001,6.0,10.0,9.939302159646388
CHEMBL4746184,C[C@H](Nc1nc(Cl)nc2c1ccn2[C@@H]1O[C@H](COP(=O)(O)CP(=O)(O)O)[C@@H](O)[C@H]1O)c1ccc(F)cc1,581.8180000000002,1.7482999999999995,6.0,11.0,10.508638306165727
CHEMBL4777161,C[C@H](Nc1nc(Cl)nc2c1cnn2[C@@H]1O[C@H](COP(=O)(O)CP(=O)(O)O)[C@@H](O)[C@H]1O)c1ccc(F)cc1,580.8300000000002,2.353300000000001,6.0,10.0,10.022276394711152
CHEMBL4797225,C[C@H](Nc1nc(Cl)nc2c1ccn2[C@@H]1O[C@H](COP(=O)(O)CP(=O)(O)O)[C@@H](O)[C@H]1O)c1cccc(F)c1,581.8180000000002,1.7482999999999995,6.0,11.0,10.494850021680094
CHEMBL4740465,C[C@H](Nc1nc(Cl)nc2c1cnn2[C@@H]1O[C@H](COP(=O)(O)CP(=O)(O)O)[C@@H](O)[C@H]1O)c1cccc(F)c1,563.8280000000002,1.6091999999999995,6.0,11.0,10.508638306165727
CHEMBL4776758,C[C@H](Nc1nc(Cl)nc2c1ccn2[C@@H]1O[C@H](COP(=O)(O)CP(=O)(O)O)[C@@H](O)[C@H]1O)c1ccccc1F,563.8280000000002,1.6091999999999995,6.0,11.0,10.55284196865778
CHEMBL4784155,C[C@H](Nc1nc(Cl)nc2c1cnn2[C@@H]1O[C@H](COP(=O)(O)CP(=O)(O)O)[C@@H](O)[C@H]1O)c1ccccc1F,549.8010000000003,1.0481999999999996,6.0,11.0,10.154901959985743
CHEMBL4745002,C[C@@H](Nc1nc(Cl)nc2c1cnn2[C@@H]1O[C@H](COP(=O)(O)CP(=O)(O)O)[C@@H](O)[C@H]1O)c1ccccc1,527.7950000000003,0.7905999999999995,6.0,11.0,10.236572006437063
CHEMBL4743437,C[C@H](Nc1nc(Cl)nc2c1cnn2[C@@H]1O[C@H](COP(=O)(O)CP(=O)(O)O)[C@@H](O)[C@H]1O)c1ccccc1,565.8190000000002,2.586400000000001,5.0,10.0,10.346787486224656
CHEMBL4790144,O=P(O)(O)CP(=O)(O)OC[C@H]1O[C@@H](n2ncc3c(NCc4ccccc4)nc(Cl)nc32)[C@H](O)[C@@H]1O,565.8190000000002,2.586400000000001,5.0,10.0,10.2839966563652
CHEMBL4749428,O=P(O)(O)CP(=O)(O)OC[C@H]1O[C@@H](n2ncc3c(NC4CCCC4)nc(Cl)nc32)[C@H](O)[C@@H]1O,551.7920000000003,2.0254,5.0,10.0,10.568636235841012
CHEMBL4784883,C[C@@H](Nc1nc(Cl)nc2c1cnn2[C@@H]1O[C@H](COP(=O)(O)CP(=O)(O)O)[C@@H](O)[C@@H]1F)c1ccccc1,529.7860000000004,1.7677999999999998,5.0,10.0,8.67778070526608
CHEMBL4742951,C[C@H](Nc1nc(Cl)nc2c1cnn2[C@@H]1O[C@H](COP(=O)(O)CP(=O)(O)O)[C@@H](O)[C@@H]1F)c1ccccc1,609.4850000000004,1.5743999999999994,6.0,12.0,8.267606240177031
CHEMBL4752494,O=P(O)(O)CP(=O)(O)OC[C@H]1O[C@@H](n2ncc3c(NCc4ccccc4)nc(Cl)nc32)[C@@H](F)[C@@H]1O,601.4650000000004,2.1961,6.0,11.0,8.229147988357855
CHEMBL4763896,O=P(O)(O)CP(=O)(O)OC[C@H]1O[C@@H](n2ncc3c(NC4CCCC4)nc(Cl)nc32)[C@@H](F)[C@@H]1O,565.4320000000005,1.5577999999999994,6.0,11.0,9.823908740944319
CHEMBL4777118,O=P(O)(O)CP(=O)(O)OC[C@H]1O[C@@H](n2cnc3c(NC4CCCC4)nc(C(O)C4CCOCC4)nc32)[C@@H](F)[C@@H]1O,539.3940000000001,1.2607999999999995,5.0,11.0,6.694648630553377
CHEMBL4744406,O=P(O)(O)CP(=O)(O)OC[C@H]1O[C@@H](n2cnc3c(NC4CCCC4)nc(C(O)c4ccccc4)nc32)[C@@H](F)[C@@H]1O,621.4990000000004,3.157200000000002,5.0,10.0,8.481486060122112
CHEMBL4753731,O=P(O)(O)CP(=O)(O)OC[C@H]1O[C@@H](n2cnc3c(NC4CCCC4)nc(C(O)C4CC4)nc32)[C@@H](F)[C@@H]1O,541.3690000000001,1.3532999999999997,5.0,10.0,8.853871964321762
CHEMBL4748576,COCc1nc(NC2CCCC2)c2ncn([C@@H]3O[C@H](COP(=O)(O)CP(=O)(O)O)[C@@H](O)[C@@H]3F)c2n1,607.4720000000003,2.962800000000002,5.0,10.0,9.221848749616356
CHEMBL4761143,O=P(O)(O)CP(=O)(O)OC[C@H]1O[C@@H](n2cnc3c(NCc4ccccc4)nc(CCc4ccccc4)nc32)[C@@H](F)[C@@H]1O,593.4450000000003,3.039000000000001,5.0,10.0,7.7447274948966935
CHEMBL4760025,C#Cc1nc(NCc2ccccc2)c2ncn([C@@H]3O[C@H](COP(=O)(O)CP(=O)(O)O)[C@@H](O)[C@@H]3F)c2n1,545.3820000000002,0.40339999999999937,6.0,12.0,8.698970004336019
CHEMBL4763785,O=P(O)(O)CP(=O)(O)OC[C@H]1O[C@@H](n2cnc3c(NCc4ccccc4)nc(Cc4ccccc4)nc32)[C@@H](F)[C@@H]1O,584.4630000000004,0.9949999999999994,6.0,12.0,8.823908740944319
CHEMBL4798306,O=P(O)(O)CP(=O)(O)OC[C@H]1O[C@@H](n2cnc3c(NCc4ccccc4)nc(-c4ccccc4)nc32)[C@@H](F)[C@@H]1O,544.3980000000001,0.4364999999999993,7.0,12.0,8.0
CHEMBL4791467,COc1nc(NCc2ccccc2)c2ncn([C@@H]3O[C@H](COP(=O)(O)CP(=O)(O)O)[C@@H](O)[C@H]3O)c2n1,585.3440000000003,2.3908,5.0,10.0,8.657577319177793
CHEMBL4763292,O=P(O)(O)CP(=O)(O)OC[C@H]1O[C@@H](n2cnc3c(NCc4ccccc4)nc(N4CCCC4)nc32)[C@H](O)[C@@H]1O,543.4100000000001,0.9571999999999994,6.0,11.0,7.318758762624412
CHEMBL4752232,CNc1nc(NCc2ccccc2)c2ncn([C@@H]3O[C@H](COP(=O)(O)CP(=O)(O)O)[C@@H](O)[C@H]3O)c2n1,529.3830000000002,0.7032199999999993,6.0,11.0,8.301029995663981
CHEMBL4749606,O=P(O)(O)CP(=O)(O)OC[C@H]1O[C@@H](n2cnc3c(NCc4ccccc4)nc(C(F)(F)F)nc32)[C@@H](F)[C@@H]1O,531.3740000000001,1.6804199999999998,5.0,10.0,7.7447274948966935
CHEMBL4743019,CCc1nc(NCc2ccccc2)c2ncn([C@@H]3O[C@H](COP(=O)(O)CP(=O)(O)O)[C@@H](O)[C@H]3O)c2n1,552.7760000000003,1.9922999999999997,4.0,10.0,7.920818753952375
CHEMBL4796737,Cc1nc(NCc2ccccc2)c2ncn([C@@H]3O[C@H](COP(=O)(O)CP(=O)(O)O)[C@@H](O)[C@H]3O)c2n1,563.8030000000003,1.9335,4.0,10.0,8.886056647693163
CHEMBL4748492,Cc1nc(NCc2ccccc2)c2ncn([C@@H]3O[C@H](COP(=O)(O)CP(=O)(O)O)[C@@H](O)[C@@H]3F)c2n1,552.7800000000003,1.4203999999999997,5.0,11.0,8.397940008672037
CHEMBL4793370,O=P(O)(O)CP(=O)(O)OC[C@H]1O[C@@H](n2cnc3c(OCc4ccccc4)nc(Cl)nc32)[C@@H](F)[C@@H]1O,531.7580000000004,0.6140999999999994,5.0,11.0,8.886056647693163
CHEMBL4755101,O=P(O)(O)CP(=O)(O)OC[C@H]1O[C@@H](n2cnc3c(N4Cc5ccccc5C4)nc(Cl)nc32)[C@@H](F)[C@@H]1O,515.7590000000002,1.0134999999999996,4.0,10.0,8.958607314841775
CHEMBL4747191,O=P(O)(O)CP(=O)(O)OC[C@H]1O[C@@H](n2cnc3c(NCc4ccncc4)nc(Cl)nc32)[C@@H](F)[C@@H]1O,586.2370000000002,2.6788000000000003,5.0,10.0,8.443697499232712
CHEMBL4761534,O=P(O)(O)CP(=O)(O)OC[C@H]1O[C@@H](n2cnc3c(N[C@H]4CCOC4)nc(Cl)nc32)[C@@H](F)[C@@H]1O,586.2370000000002,2.6788000000000003,5.0,10.0,9.096910013008056
CHEMBL4741516,O=P(O)(O)CP(=O)(O)OC[C@H]1O[C@@H](n2cnc3c(N4CCCC4)nc(Cl)nc32)[C@@H](F)[C@@H]1O,586.2370000000002,2.6788000000000003,5.0,10.0,9.045757490560675
CHEMBL4796788,O=P(O)(O)CP(=O)(O)OC[C@H]1O[C@@H](n2cnc3c(NCc4ccc(Cl)cc4)nc(Cl)nc32)[C@@H](F)[C@@H]1O,563.8280000000002,1.6091999999999995,6.0,11.0,8.619788758288394
CHEMBL4759136,O=P(O)(O)CP(=O)(O)OC[C@H]1O[C@@H](n2cnc3c(NCc4cccc(Cl)c4)nc(Cl)nc32)[C@@H](F)[C@@H]1O,565.8190000000002,2.586400000000001,5.0,10.0,8.886056647693163
CHEMBL4784405,O=P(O)(O)CP(=O)(O)OC[C@H]1O[C@@H](n2cnc3c(NCc4ccccc4Cl)nc(Cl)nc32)[C@@H](F)[C@@H]1O,563.8280000000002,1.6091999999999995,6.0,11.0,8.3767507096021
CHEMBL4780231,C[C@H](Nc1nc(Cl)nc2c1ncn2[C@@H]1O[C@H](COP(=O)(O)CP(=O)(O)O)[C@@H](O)[C@H]1O)c1ccccc1,565.8190000000002,2.586400000000001,5.0,10.0,9.522878745280337
CHEMBL4779193,C[C@H](Nc1nc(Cl)nc2c1ncn2[C@@H]1O[C@H](COP(=O)(O)CP(=O)(O)O)[C@@H](O)[C@@H]1F)c1ccccc1,549.8010000000003,1.0481999999999996,6.0,11.0,8.387216143280265
CHEMBL4750588,C[C@@H](Nc1nc(Cl)nc2c1ncn2[C@@H]1O[C@H](COP(=O)(O)CP(=O)(O)O)[C@@H](O)[C@H]1O)c1ccccc1,551.7920000000003,2.0254,5.0,10.0,9.154901959985743
CHEMBL4748342,C[C@@H](Nc1nc(Cl)nc2c1ncn2[C@@H]1O[C@H](COP(=O)(O)CP(=O)(O)O)[C@@H](O)[C@@H]1F)c1ccccc1,541.822,0.8148999999999997,5.0,11.0,8.795880017344075
CHEMBL4788910,O=P(O)(O)CP(=O)(O)OC[C@H]1O[C@@H](n2cnc3c(NCc4ccccc4)nc(Cl)nc32)[C@H](O)[C@@H]1O,543.813,1.7920999999999996,4.0,10.0,9.522878745280337
CHEMBL4779616,O=P(O)(O)CP(=O)(O)OC[C@H]1O[C@@H](n2cnc3c(NCc4ccccc4)nc(Cl)nc32)[C@@H](F)[C@@H]1O,527.7950000000003,0.7905999999999995,6.0,11.0,9.154901959985743
CHEMBL4753354,CN(c1nc(Cl)nc2c1ncn2[C@@H]1O[C@H](COP(=O)(O)CP(=O)(O)O)[C@@H](O)[C@H]1O)C1CCCC1,529.7860000000004,1.7677999999999998,5.0,10.0,9.920818753952375
CHEMBL4758486,CN(c1nc(Cl)nc2c1ncn2[C@@H]1O[C@H](COP(=O)(O)CP(=O)(O)O)[C@@H](O)[C@@H]1F)C1CCCC1,501.7570000000002,0.2563999999999996,6.0,11.0,9.823908740944319
CHEMBL4744502,O=P(O)(O)CP(=O)(O)OC[C@H]1O[C@@H](n2cnc3c(NC4CCCC4)nc(Cl)nc32)[C@H](O)[C@@H]1O,503.74800000000016,1.2335999999999996,5.0,10.0,9.698970004336019
CHEMBL4748647,O=P(O)(O)CP(=O)(O)OC[C@H]1O[C@@H](n2cnc3c(NC4CCCC4)nc(Cl)nc32)[C@@H](F)[C@@H]1O,499.7410000000002,0.010399999999999465,6.0,11.0,9.397940008672037
CHEMBL4746820,CC(C)Nc1nc(Cl)nc2c1ncn2[C@@H]1O[C@H](COP(=O)(O)CP(=O)(O)O)[C@@H](O)[C@H]1O,501.7320000000002,0.9875999999999996,5.0,10.0,9.154901959985743
CHEMBL4751771,CC(C)Nc1nc(Cl)nc2c1ncn2[C@@H]1O[C@H](COP(=O)(O)CP(=O)(O)O)[C@@H](O)[C@@H]1F,489.7210000000001,0.8450999999999995,5.0,10.0,8.443697499232712
CHEMBL4776829,O=P(O)(O)CP(=O)(O)OC[C@H]1O[C@@H](n2cnc3c(NC4CC4)nc(Cl)nc32)[C@H](O)[C@@H]1O,475.69400000000013,0.4549999999999997,5.0,10.0,8.769551078621726
CHEMBL4783528,O=P(O)(O)CP(=O)(O)OC[C@H]1O[C@@H](n2cnc3c(NC4CC4)nc(Cl)nc32)[C@@H](F)[C@@H]1O,427.22200000000004,-0.6579000000000004,5.0,10.0,8.585026652029182
CHEMBL4755896,CCNc1nc(Cl)nc2c1ncn2[C@@H]1O[C@H](COP(=O)(O)CP(=O)(O)O)[C@@H](O)[C@@H]1F,461.6670000000001,-0.004500000000000448,5.0,10.0,8.301029995663981
CHEMBL4762685,CNc1nc(Cl)nc2c1ncn2[C@@H]1O[C@H](COP(=O)(O)CP(=O)(O)O)[C@@H](O)[C@@H]1F,459.6760000000001,-0.9817000000000005,6.0,11.0,7.920818753952375
CHEMBL4799519,Nc1ncnc2c1ncn2[C@@H]1O[C@H](COP(=O)(O)CP(=O)(O)O)[C@@H](O)[C@H]1F,580.8300000000002,2.353300000000001,6.0,10.0,7.7447274948966935
CHEMBL4287314,Nc1nc(Cl)nc2c1ncn2[C@@H]1O[C@H](COP(=O)(O)CP(=O)(O)O)[C@@H](O)[C@@H]1F,563.8280000000002,1.6091999999999995,6.0,11.0,8.468521082957745
CHEMBL4475460,Nc1nc(Cl)nc2c1ncn2[C@@H]1O[C@H](COP(=O)(O)CP(=O)(O)O)[C@@H](O)[C@H]1O,580.8300000000002,2.353300000000001,6.0,10.0,8.301029995663981
CHEMBL4471306,C[C@H](Nc1cc(Cl)nc2c1cnn2[C@@H]1O[C@H](COP(=O)(O)CP(=O)(O)O)[C@@H](O)[C@H]1O)c1ccccc1F,580.8300000000002,2.353300000000001,6.0,10.0,10.366531544420413
CHEMBL4743437,C[C@H](Nc1nc(Cl)nc2c1cnn2[C@@H]1O[C@H](COP(=O)(O)CP(=O)(O)O)[C@@H](O)[C@H]1O)c1ccccc1,563.8280000000002,1.6091999999999995,6.0,11.0,10.275724130399212
CHEMBL4471306,C[C@H](Nc1cc(Cl)nc2c1cnn2[C@@H]1O[C@H](COP(=O)(O)CP(=O)(O)O)[C@@H](O)[C@H]1O)c1ccccc1F,580.8300000000002,2.353300000000001,6.0,10.0,11.096910013008056
CHEMBL4761506,C[C@H](Nc1cc(Cl)nc2c1cnn2[C@@H]1O[C@H](COP(=O)(O)CP(=O)(O)O)[C@@H](O)[C@H]1O)c1ccc(F)cc1,580.8300000000002,2.353300000000001,6.0,10.0,11.0
CHEMBL4743437,C[C@H](Nc1nc(Cl)nc2c1cnn2[C@@H]1O[C@H](COP(=O)(O)CP(=O)(O)O)[C@@H](O)[C@H]1O)c1ccccc1,563.8280000000002,1.6091999999999995,6.0,11.0,11.568636235841012
CHEMBL4471306,C[C@H](Nc1cc(Cl)nc2c1cnn2[C@@H]1O[C@H](COP(=O)(O)CP(=O)(O)O)[C@@H](O)[C@H]1O)c1ccccc1F,425.23100000000005,-1.6351000000000009,6.0,11.0,10.958607314841775
CHEMBL4761506,C[C@H](Nc1cc(Cl)nc2c1cnn2[C@@H]1O[C@H](COP(=O)(O)CP(=O)(O)O)[C@@H](O)[C@H]1O)c1ccc(F)cc1,515.3560000000002,0.39479999999999943,6.0,11.0,10.67778070526608
CHEMBL4743437,C[C@H](Nc1nc(Cl)nc2c1cnn2[C@@H]1O[C@H](COP(=O)(O)CP(=O)(O)O)[C@@H](O)[C@H]1O)c1ccccc1,425.23100000000005,-1.6351000000000009,6.0,11.0,11.070581074285707
CHEMBL583969,Nc1ncnc2c1ncn2[C@@H]1O[C@H](COP(=O)(O)CP(=O)(O)O)[C@@H](O)[C@H]1O,425.23100000000005,-1.6351000000000009,6.0,11.0,6.728158393463501
CHEMBL4755577,O=P(O)(O)CP(=O)(O)OC[C@H]1O[C@@H](n2cnc3c(NCc4ccccc4)ncnc32)[C@H](O)[C@@H]1O,425.23100000000005,-1.6351000000000009,6.0,11.0,8.366531544420413
CHEMBL583969,Nc1ncnc2c1ncn2[C@@H]1O[C@H](COP(=O)(O)CP(=O)(O)O)[C@@H](O)[C@H]1O,425.23100000000005,-1.6351000000000009,6.0,11.0,5.958607314841775
CHEMBL583969,Nc1ncnc2c1ncn2[C@@H]1O[C@H](COP(=O)(O)CP(=O)(O)O)[C@@H](O)[C@H]1O,547.9140000000002,0.822,5.0,11.0,5.6020599913279625
CHEMBL583969,Nc1ncnc2c1ncn2[C@@H]1O[C@H](COP(=O)(O)CP(=O)(O)O)[C@@H](O)[C@H]1O,593.9560000000005,0.7453000000000003,5.0,11.0,7.221848749616356
CHEMBL583969,Nc1ncnc2c1ncn2[C@@H]1O[C@H](COP(=O)(O)CP(=O)(O)O)[C@@H](O)[C@H]1O,550.8930000000003,-0.3106,5.0,13.0,7.301029995663981
CHEMBL4786375,C[C@@H](Nc1nc(Cl)nc2c1ncn2[C@@H]1O[C@H](CS(=O)(=O)CP(=O)(O)O)[C@@H](O)[C@H]1O)c1ccccc1,286.33500000000004,1.58812,2.0,4.0,8.0
CHEMBL4793057,Nc1nc(Cl)nc2c1ncn2[C@@H]1O[C@H](COC(Cc2ccc(N3CCCNC3=O)cc2)(C(=O)O)C(=O)O)[C@@H](O)[C@@H]1F,294.26099999999997,1.19722,2.0,4.0,8.045757490560675
CHEMBL4760088,CCOC(=O)C(OC[C@H]1C[C@@H](n2nnc3c(NC[C@@H]4CCOC4)nc(Cl)nc32)[C@H](O)[C@@H]1O)P(=O)(O)O,286.33500000000004,1.58812,2.0,4.0,7.0
CHEMBL4792487,Cc1nnc(-c2c[nH]c(=O)[nH]c2=O)cc1[C@H]1C[C@@H]1C(C)C,272.30800000000005,1.3421199999999998,2.0,4.0,8.136677139879543
CHEMBL4798999,Cc1nnc(-c2c[nH]c(=O)[nH]c2=O)cc1[C@H]1C[C@@H]1C(F)F,300.362,1.9782199999999999,2.0,4.0,7.2076083105017466
CHEMBL4792487,Cc1nnc(-c2c[nH]c(=O)[nH]c2=O)cc1[C@H]1C[C@@H]1C(C)C,308.28799999999995,1.58732,2.0,4.0,7.552841968657781
CHEMBL4787600,CC[C@H]1C[C@@H]1c1cc(-c2c[nH]c(=O)[nH]c2=O)nnc1C,280.234,0.8887999999999998,2.0,4.0,7.2076083105017466
CHEMBL4783209,Cc1nnc(-c2c[nH]c(=O)[nH]c2=O)cc1[C@H]1C[C@@H]1CC(C)C,264.6719999999999,1.0509999999999997,2.0,4.0,7.2076083105017466
CHEMBL4746843,Cc1nnc(-c2c[nH]c(=O)[nH]c2=O)cc1[C@H]1C[C@@H]1C(C)(F)F,306.75300000000004,1.9330999999999996,2.0,4.0,7.2076083105017466
CHEMBL4789157,O=c1[nH]cc(-c2cc([C@H]3C[C@@H]3C(F)F)cnn2)c(=O)[nH]1,300.652,1.2961999999999998,2.0,4.0,7.2076083105017466
CHEMBL4785703,O=c1[nH]cc(-c2cc(C3CC3)c(Cl)nn2)c(=O)[nH]1,314.679,1.5421999999999998,2.0,4.0,7.2076083105017466
CHEMBL4764075,CC(C)[C@H]1C[C@@H]1c1cc(-c2c[nH]c(=O)[nH]c2=O)nnc1Cl,328.706,1.9323000000000001,2.0,4.0,7.2076083105017466
CHEMBL4764702,O=c1[nH]cc(-c2cc([C@H]3CC3(F)F)c(Cl)nn2)c(=O)[nH]1,315.15999999999997,1.8628999999999996,2.0,4.0,7.2076083105017466
CHEMBL4765132,O=c1[nH]cc(-c2cc([C@H]3C[C@@H]3C(F)F)c(Cl)nn2)c(=O)[nH]1,306.75300000000004,2.0771999999999995,2.0,4.0,7.2076083105017466
CHEMBL4760890,CC(F)(F)[C@H]1C[C@@H]1c1cc(-c2c[nH]c(=O)[nH]c2=O)nnc1Cl,314.679,1.6862999999999997,2.0,4.0,7.2076083105017466
CHEMBL4780604,Cl.O=c1[nH]cc(-c2cc(C3CCC3)c(Cl)nn2)c(=O)[nH]1,292.72599999999994,1.8311999999999997,2.0,4.0,7.2076083105017466
CHEMBL4763245,CC1(C)CC(c2cc(-c3c[nH]c(=O)[nH]c3=O)nnc2Cl)C1,255.23699999999997,0.2692799999999996,2.0,5.0,7.2076083105017466
CHEMBL4752092,O=c1[nH]cc(-c2cc(C3CC(F)(F)C3)c(Cl)nn2)c(=O)[nH]1,297.31800000000004,1.1513799999999998,2.0,5.0,7.2076083105017466
CHEMBL4796471,O=c1[nH]cc(-c2cc(C3CCCC3)c(Cl)nn2)c(=O)[nH]1,305.24399999999997,0.7604799999999997,2.0,5.0,7.2076083105017466
CHEMBL4760616,N#Cc1nnc(-c2c[nH]c(=O)[nH]c2=O)cc1C1CC1,269.264,0.6593799999999996,2.0,5.0,7.2076083105017466
CHEMBL4798193,CC(C)[C@H]1C[C@@H]1c1cc(-c2c[nH]c(=O)[nH]c2=O)nnc1C#N,283.29100000000005,1.0494799999999995,2.0,5.0,7.2076083105017466
CHEMBL4790958,N#Cc1nnc(-c2c[nH]c(=O)[nH]c2=O)cc1[C@H]1C[C@@H]1C(F)F,291.217,0.5144799999999997,2.0,5.0,7.2076083105017466
CHEMBL4778792,N#Cc1nnc(-c2c[nH]c(=O)[nH]c2=O)cc1C1CCC1,283.29100000000005,0.9053799999999999,2.0,5.0,7.2076083105017466
CHEMBL4787985,N#Cc1nnc(-c2c[nH]c(=O)[nH]c2=O)cc1C1CCCC1,274.28000000000003,0.7962999999999997,2.0,5.0,7.2076083105017466
CHEMBL4776255,N#Cc1nnc(-c2c[nH]c(=O)[nH]c2=O)cc1[C@@H]1CC1(F)F,260.253,0.40619999999999973,2.0,5.0,7.2076083105017466
CHEMBL4746447,CC[C@H]1C[C@@H]1c1cc(-c2c[nH]c(=O)[nH]c2=O)nnc1C#N,302.33400000000006,1.4323999999999997,2.0,5.0,7.2076083105017466
CHEMBL4745226,COc1nnc(-c2c[nH]c(=O)[nH]c2=O)cc1C1CCC1,310.26,1.0415,2.0,5.0,7.2076083105017466
CHEMBL4748321,COc1nnc(-c2c[nH]c(=O)[nH]c2=O)cc1C1CC1,324.28700000000003,1.4315999999999998,2.0,5.0,7.2076083105017466
CHEMBL4749648,COc1nnc(-c2c[nH]c(=O)[nH]c2=O)cc1C1CC(C)(C)C1,324.28700000000003,1.4315999999999998,2.0,5.0,7.2076083105017466
CHEMBL4790960,COc1nnc(-c2c[nH]c(=O)[nH]c2=O)cc1C1CC(F)(F)C1,302.3340000000001,1.5764999999999998,2.0,5.0,7.2076083105017466
CHEMBL4743908,COc1nnc(-c2c[nH]c(=O)[nH]c2=O)cc1C1CCC(F)(F)C1,290.298,1.29172,2.0,4.0,7.2076083105017466
CHEMBL4743908,COc1nnc(-c2c[nH]c(=O)[nH]c2=O)cc1C1CCC(F)(F)C1,286.33500000000004,1.58812,2.0,4.0,7.2076083105017466
CHEMBL4748762,COc1nnc(-c2c[nH]c(=O)[nH]c2=O)cc1C1CCCCC1,286.33500000000004,1.58812,2.0,4.0,7.2076083105017466
CHEMBL4752875,Cc1nnc(-c2c[nH]c(=O)[nH]c2=O)cc1[C@H]1C[C@@H]1CCF,286.33500000000004,1.58812,2.0,4.0,7.2076083105017466
CHEMBL4792487,Cc1nnc(-c2c[nH]c(=O)[nH]c2=O)cc1[C@H]1C[C@@H]1C(C)C,286.33500000000004,1.58812,2.0,4.0,8.080921907623926
CHEMBL4792487,Cc1nnc(-c2c[nH]c(=O)[nH]c2=O)cc1[C@H]1C[C@@H]1C(C)C,286.33500000000004,1.58812,2.0,4.0,8.18045606445813
CHEMBL4792487,Cc1nnc(-c2c[nH]c(=O)[nH]c2=O)cc1[C@H]1C[C@@H]1C(C)C,286.33500000000004,1.58812,2.0,4.0,8.05551732784983
CHEMBL4792487,Cc1nnc(-c2c[nH]c(=O)[nH]c2=O)cc1[C@H]1C[C@@H]1C(C)C,286.33500000000004,1.58812,2.0,4.0,7.698970004336019
CHEMBL4792487,Cc1nnc(-c2c[nH]c(=O)[nH]c2=O)cc1[C@H]1C[C@@H]1C(C)C,286.33500000000004,1.58812,2.0,4.0,7.200659450546418
CHEMBL4792487,Cc1nnc(-c2c[nH]c(=O)[nH]c2=O)cc1[C@H]1C[C@@H]1C(C)C,442.7280000000003,6.997200000000009,2.0,2.0,6.82102305270683
CHEMBL4792487,Cc1nnc(-c2c[nH]c(=O)[nH]c2=O)cc1[C@H]1C[C@@H]1C(C)C,940.6810000000005,1.6861000000000008,15.0,26.0,6.5376020021010435
CHEMBL4792487,Cc1nnc(-c2c[nH]c(=O)[nH]c2=O)cc1[C@H]1C[C@@H]1C(C)C,302.194,1.3127999999999997,4.0,8.0,6.388276691992658
CHEMBL23236,C=C(C)[C@@H]1CC[C@]2(CO)CC[C@]3(C)[C@H](CC[C@@H]4[C@@]5(C)CC[C@H](O)C(C)(C)[C@@H]5CC[C@]43C)[C@@H]12,425.23100000000005,-1.6351000000000009,6.0,11.0,4.644740094472621
CHEMBL382408,O=C(OC[C@H]1O[C@@H](OC(=O)c2cc(O)c(O)c(O)c2)[C@H](OC(=O)c2cc(O)c(O)c(O)c2)[C@@H](OC(=O)c2cc(O)c(O)c(O)c2)[C@@H]1OC(=O)c1cc(O)c(O)c(O)c1)c1cc(O)c(O)c(O)c1,425.23100000000005,-1.6351000000000009,6.0,11.0,4.977159389123472
CHEMBL6246,O=c1oc2c(O)c(O)cc3c(=O)oc4c(O)c(O)cc1c4c23,563.8280000000003,1.0724999999999993,5.0,11.0,5.732828271596986
CHEMBL583969,Nc1ncnc2c1ncn2[C@@H]1O[C@H](COP(=O)(O)CP(=O)(O)O)[C@@H](O)[C@H]1O,585.2340000000002,1.0965999999999998,6.0,12.0,5.401209493236885
CHEMBL583969,Nc1ncnc2c1ncn2[C@@H]1O[C@H](COP(=O)(O)CP(=O)(O)O)[C@@H](O)[C@H]1O,590.854,0.9547999999999996,5.0,12.0,5.576262750017671
CHEMBL4452072,CN(Cc1ccccc1)c1nc(Cl)nc2c1ncn2[C@@H]1O[C@H](COP(=O)(O)CP(=O)(O)O)[C@@H](O)[C@H]1O,589.8660000000001,1.5597999999999994,5.0,11.0,8.522878745280337
CHEMBL4798368,O=P(O)(O)CP(=O)(O)OC[C@H]1O[C@@H](n2nnc3c(NCc4ccccc4Cl)nc(Cl)nc32)[C@H](O)[C@@H]1O,598.2730000000003,2.3557,5.0,12.0,8.4089353929735
CHEMBL4782655,CN(c1nc(Cl)nc2c1nnn2[C@@H]1O[C@H](COP(=O)(O)CP(=O)(O)O)[C@@H](O)[C@H]1O)[C@H]1CCc2ccccc21,598.2730000000001,2.3557,5.0,12.0,8.886056647693163
CHEMBL4757563,CN(c1nc(Cl)nc2c1cnn2[C@@H]1O[C@H](COP(=O)(O)CP(=O)(O)O)[C@@H](O)[C@H]1O)[C@H]1CCc2ccccc21,612.3000000000002,3.0098000000000007,4.0,13.0,9.2839966563652
CHEMBL4790529,COP(=O)(CP(=O)(O)O)OC[C@H]1O[C@@H](n2ncc3c(NCc4ccccc4Cl)nc(Cl)nc32)[C@H](O)[C@@H]1O,548.2760000000003,1.085299999999999,5.0,11.0,7.607303046740334
CHEMBL4785684,COP(=O)(O)CP(=O)(O)OC[C@H]1O[C@@H](n2ncc3c(NCc4ccccc4Cl)nc(Cl)nc32)[C@H](O)[C@@H]1O,561.3190000000003,1.0004999999999988,5.0,10.0,6.883724412419456
CHEMBL4785168,COP(=O)(O)CP(=O)(OC)OC[C@H]1O[C@@H](n2ncc3c(NCc4ccccc4Cl)nc(Cl)nc32)[C@H](O)[C@@H]1O,583.3470000000003,0.4189999999999992,6.0,11.0,5.541513236201793
CHEMBL4797508,O=C(CP(=O)(O)O)OC[C@H]1O[C@@H](n2ncc3c(NCc4ccccc4Cl)nc(Cl)nc32)[C@H](O)[C@@H]1O,534.2930000000002,1.5586999999999993,5.0,10.0,6.292429823902063
CHEMBL4749007,CN(C[C@H]1O[C@@H](n2ncc3c(NCc4ccccc4Cl)nc(Cl)nc32)[C@H](O)[C@@H]1O)C(=O)CP(=O)(O)O,534.2930000000002,1.9062999999999994,5.0,10.0,6.605548319173784
CHEMBL4784125,O=P(O)(O)CS(=O)(=O)NC[C@H]1O[C@@H](n2ncc3c(NCc4ccccc4Cl)nc(Cl)nc32)[C@H](O)[C@@H]1O,520.2660000000002,1.5161999999999995,5.0,10.0,6.484126156288321
CHEMBL4743063,O=P(O)(O)CCOC[C@H]1O[C@@H](n2ncc3c(NCc4ccccc4Cl)nc(Cl)nc32)[C@H](O)[C@@H]1O,536.3340000000003,2.2328000000000006,5.0,10.0,7.055517327849832
CHEMBL4790457,O=P(O)(O)COCC[C@H]1O[C@@H](n2ncc3c(NCc4ccccc4Cl)nc(Cl)nc32)[C@H](O)[C@@H]1O,568.3320000000003,0.9143999999999992,5.0,11.0,5.920456992597094
CHEMBL4785716,O=P(O)(O)COC[C@H]1O[C@@H](n2ncc3c(NCc4ccccc4Cl)nc(Cl)nc32)[C@H](O)[C@@H]1O,463.8150000000003,0.6051999999999995,5.0,10.0,7.5376020021010435
CHEMBL4782125,O=P(O)(O)CSC[C@H]1O[C@@H](n2ncc3c(NCc4ccccc4Cl)nc(Cl)nc32)[C@H](O)[C@@H]1O,477.84200000000004,0.9936999999999996,5.0,10.0,6.785156151952302
CHEMBL4760944,O=P(O)(O)CS(=O)(=O)C[C@H]1O[C@@H](n2ncc3c(NCc4ccccc4Cl)nc(Cl)nc32)[C@H](O)[C@@H]1O,493.84100000000024,-0.03390000000000104,6.0,11.0,7.886056647693163
CHEMBL4745473,O=P(O)(O)COC[C@H]1O[C@@H](n2ncc3c(NC4CCCC4)nc(Cl)nc32)[C@H](O)[C@@H]1O,507.8680000000002,0.620199999999999,5.0,11.0,7.958607314841775
CHEMBL4741942,CC(OC[C@H]1O[C@@H](n2ncc3c(NC4CCCC4)nc(Cl)nc32)[C@H](O)[C@@H]1O)P(=O)(O)O,507.82400000000024,0.05839999999999923,6.0,11.0,7.7447274948966935
CHEMBL4753449,O=P(O)(O)C(CO)OC[C@H]1O[C@@H](n2ncc3c(NC4CCCC4)nc(Cl)nc32)[C@H](O)[C@@H]1O,488.8250000000001,0.4973799999999993,5.0,11.0,8.619788758288394
CHEMBL4751244,COCC(OC[C@H]1O[C@@H](n2ncc3c(NC4CCCC4)nc(Cl)nc32)[C@H](O)[C@@H]1O)P(=O)(O)O,531.8120000000004,1.5360999999999998,5.0,10.0,9.017728766960431
CHEMBL4781819,O=C(O)C(OC[C@H]1O[C@@H](n2ncc3c(NC4CCCC4)nc(Cl)nc32)[C@H](O)[C@@H]1O)P(=O)(O)O,541.9070000000004,-0.02410000000000101,5.0,12.0,6.966576244513051
CHEMBL4759919,N#CC(OC[C@H]1O[C@@H](n2ncc3c(NC4CCCC4)nc(Cl)nc32)[C@H](O)[C@@H]1O)P(=O)(O)O,531.8540000000003,-0.14040000000000036,6.0,13.0,6.252588192113577
CHEMBL4744820,O=P(O)(O)C(OC[C@H]1O[C@@H](n2ncc3c(NC4CCCC4)nc(Cl)nc32)[C@H](O)[C@@H]1O)C(F)(F)F,507.8680000000002,0.356199999999999,6.0,11.0,6.412289034981089
CHEMBL4789486,CS(=O)(=O)C(OC[C@H]1O[C@@H](n2ncc3c(NC4CCCC4)nc(Cl)nc32)[C@H](O)[C@@H]1O)P(=O)(O)O,534.9380000000003,0.9254999999999989,5.0,11.0,6.714442690992226
CHEMBL4749770,O=P(O)(O)C(OC[C@H]1O[C@@H](n2ncc3c(NC4CCCC4)nc(Cl)nc32)[C@H](O)[C@@H]1O)c1nn[nH]n1,599.0030000000003,0.2552999999999989,5.0,12.0,7.552841968657781
CHEMBL4784951,CC(CO)(OC[C@H]1O[C@@H](n2ncc3c(NC4CCCC4)nc(Cl)nc32)[C@H](O)[C@@H]1O)P(=O)(O)O,537.9630000000003,1.7269,5.0,11.0,8.886056647693163
CHEMBL4781912,CN(C)CC(C)(OC[C@H]1O[C@@H](n2ncc3c(NC4CCCC4)nc(Cl)nc32)[C@H](O)[C@@H]1O)P(=O)(O)O,569.9610000000005,0.4084999999999997,5.0,12.0,5.301029995663981
CHEMBL4756805,CN(CC(C)(OC[C@H]1O[C@@H](n2ncc3c(NC4CCCC4)nc(Cl)nc32)[C@H](O)[C@@H]1O)P(=O)(O)O)S(C)(=O)=O,521.8950000000003,0.7462999999999989,6.0,11.0,7.013228265733755
CHEMBL4788607,CSCC(C)(OC[C@H]1O[C@@H](n2ncc3c(NC4CCCC4)nc(Cl)nc32)[C@H](O)[C@@H]1O)P(=O)(O)O,523.8670000000003,-0.6714000000000007,7.0,12.0,8.0
CHEMBL4754460,CC(CS(C)(=O)=O)(OC[C@H]1O[C@@H](n2ncc3c(NC4CCCC4)nc(Cl)nc32)[C@H](O)[C@@H]1O)P(=O)(O)O,537.8940000000003,-0.017300000000000204,6.0,12.0,7.638272163982407
CHEMBL4791561,CC(CCO)(OC[C@H]1O[C@@H](n2ncc3c(NC4CCCC4)nc(Cl)nc32)[C@H](O)[C@@H]1O)P(=O)(O)O,507.8680000000002,0.356199999999999,6.0,11.0,7.508638306165727
CHEMBL4786598,O=P(O)(O)C(CO)(CO)OC[C@H]1O[C@@H](n2ncc3c(NC4CCCC4)nc(Cl)nc32)[C@H](O)[C@@H]1O,507.8680000000002,0.356199999999999,6.0,11.0,9.244125144327509
CHEMBL4743237,COCC(CO)(OC[C@H]1O[C@@H](n2ncc3c(NC4CCCC4)nc(Cl)nc32)[C@H](O)[C@@H]1O)P(=O)(O)O,537.8940000000003,-0.017300000000000204,6.0,12.0,9.275724130399212
CHEMBL4752114,C[C@@](CO)(OC[C@H]1O[C@@H](n2ncc3c(NC4CCCC4)nc(Cl)nc32)[C@H](O)[C@@H]1O)P(=O)(O)O,537.8940000000003,-0.017300000000000204,6.0,12.0,9.292429823902063
CHEMBL4796959,C[C@](CO)(OC[C@H]1O[C@@H](n2ncc3c(NC4CCCC4)nc(Cl)nc32)[C@H](O)[C@@H]1O)P(=O)(O)O,580.8300000000002,2.353300000000001,6.0,10.0,7.931814138253839
CHEMBL4788790,COC[C@@](CO)(OC[C@H]1O[C@@H](n2ncc3c(NC4CCCC4)nc(Cl)nc32)[C@H](O)[C@@H]1O)P(=O)(O)O,292.302,0.79158,3.0,5.0,9.0
CHEMBL4764985,COC[C@](CO)(OC[C@H]1O[C@@H](n2ncc3c(NC4CCCC4)nc(Cl)nc32)[C@H](O)[C@@H]1O)P(=O)(O)O,310.29200000000003,0.9306800000000002,3.0,5.0,9.602059991327963
CHEMBL4471306,C[C@H](Nc1cc(Cl)nc2c1cnn2[C@@H]1O[C@H](COP(=O)(O)CP(=O)(O)O)[C@@H](O)[C@H]1O)c1ccccc1F,376.29800000000006,1.69018,3.0,6.0,9.065501548756432
CHEMBL4797703,CN1C(=O)C2(C(C#N)=C(N)Nc3n[nH]cc32)c2ccccc21,324.319,1.2390999999999999,3.0,5.0,6.161150909262744
CHEMBL4760778,CN1C(=O)C2(C(C#N)=C(N)Nc3n[nH]cc32)c2cc(F)ccc21,390.32500000000005,1.9986000000000002,3.0,6.0,6.337242168318426
CHEMBL4746318,CN1C(=O)C2(C(C#N)=C(N)Nc3n[nH]cc32)c2cc(OC(F)(F)F)ccc21,363.84800000000007,5.3717600000000045,1.0,4.0,6.823908740944319
CHEMBL4761451,Cc1[nH]nc2c1C1(C(=O)N(C)c3ccc(F)cc31)C(C#N)=C(N)N2,463.8150000000003,0.6051999999999995,5.0,10.0,6.585026652029182
CHEMBL4788305,Cc1[nH]nc2c1C1(C(=O)N(C)c3ccc(OC(F)(F)F)cc31)C(C#N)=C(N)N2,493.8600000000001,0.265399999999999,5.0,11.0,6.7447274948966935
CHEMBL4746633,Cc1ccc(-n2nc(C)c3cc(Cl)c(-c4cc(C)ccc4O)nc32)cc1,529.8300000000002,0.315999999999999,6.0,11.0,6.494850021680094
CHEMBL4745473,O=P(O)(O)COC[C@H]1O[C@@H](n2ncc3c(NC4CCCC4)nc(Cl)nc32)[C@H](O)[C@@H]1O,485.82100000000014,0.8627999999999998,5.0,10.0,9.259637310505756
CHEMBL4797871,O=C(O)C(OC[C@H]1O[C@@H](n2cnc3c(NCc4ccccc4)nc(Cl)nc32)[C@H](O)[C@@H]1O)C(=O)O,499.8480000000002,0.9052999999999998,5.0,10.0,6.0
CHEMBL4776869,O=C(O)C(OC[C@H]1O[C@@H](n2cnc3c(NCc4ccccc4)nc(Cl)nc32)[C@H](O)[C@@H]1O)P(=O)(O)O,513.8750000000002,1.2953999999999997,5.0,10.0,6.958607314841775
CHEMBL4780085,O=P(O)(O)COC[C@H]1O[C@@H](n2cnc3c(NCc4ccccc4)nc(Cl)nc32)[C@H](O)[C@@H]1O,499.8480000000002,0.9052999999999998,5.0,10.0,7.236572006437063
CHEMBL4790401,O=P(O)(O)CCOC[C@H]1O[C@@H](n2cnc3c(NCc4ccccc4)nc(Cl)nc32)[C@H](O)[C@@H]1O,529.8740000000003,0.913899999999999,5.0,11.0,5.0
CHEMBL4787260,O=P(O)(O)CCCOC[C@H]1O[C@@H](n2cnc3c(NCc4ccccc4)nc(Cl)nc32)[C@H](O)[C@@H]1O,517.8380000000002,1.0443999999999998,5.0,10.0,5.0
CHEMBL4782440,O=P(O)(O)COC[C@H]1O[C@@H](n2cnc3c(NCCc4ccccc4)nc(Cl)nc32)[C@H](O)[C@@H]1O,499.8480000000001,1.4237999999999997,5.0,10.0,6.978810700930062
CHEMBL4793270,COc1ccccc1CCNc1nc(Cl)nc2c1ncn2[C@@H]1O[C@H](COCP(=O)(O)O)[C@@H](O)[C@H]1O,499.8480000000001,1.4237999999999997,5.0,10.0,6.761953896871205
CHEMBL4786456,O=P(O)(O)COC[C@H]1O[C@@H](n2cnc3c(NCCc4ccccc4F)nc(Cl)nc32)[C@H](O)[C@@H]1O,520.2660000000002,1.5161999999999995,5.0,10.0,6.91721462968355
CHEMBL4794758,C[C@H](Nc1nc(Cl)nc2c1ncn2[C@@H]1O[C@H](COCP(=O)(O)O)[C@@H](O)[C@H]1O)c1ccccc1,534.2930000000002,1.5404999999999993,4.0,10.0,7.187086643357144
CHEMBL4795154,C[C@@H](Nc1nc(Cl)nc2c1ncn2[C@@H]1O[C@H](COCP(=O)(O)O)[C@@H](O)[C@H]1O)c1ccccc1,486.8090000000002,0.25779999999999964,5.0,11.0,6.806875401645538
CHEMBL4788847,O=P(O)(O)COC[C@H]1O[C@@H](n2cnc3c(NCc4ccccc4Cl)nc(Cl)nc32)[C@H](O)[C@@H]1O,489.8130000000002,-0.40370000000000017,5.0,12.0,7.337242168318426
CHEMBL4781225,CN(Cc1ccccc1Cl)c1nc(Cl)nc2c1ncn2[C@@H]1O[C@H](COCP(=O)(O)O)[C@@H](O)[C@H]1O,490.80100000000016,-1.0087000000000006,5.0,13.0,7.337242168318426
CHEMBL4791939,O=P(O)(O)COC[C@H]1O[C@@H](n2cnc3c(NCc4ccccn4)nc(Cl)nc32)[C@H](O)[C@@H]1O,437.77700000000016,0.07099999999999945,5.0,10.0,6.4179366370882915
CHEMBL4782237,Cn1cc(CNc2nc(Cl)nc3c2ncn3[C@@H]2O[C@H](COCP(=O)(O)O)[C@@H](O)[C@H]2O)cn1,435.7610000000002,-0.1750000000000006,5.0,10.0,6.696803942579511
CHEMBL4799358,Cn1cnnc1CNc1nc(Cl)nc2c1ncn2[C@@H]1O[C@H](COCP(=O)(O)O)[C@@H](O)[C@H]1O,449.78800000000024,0.21509999999999974,5.0,10.0,5.494850021680094
CHEMBL4799125,CC(C)Nc1nc(Cl)nc2c1ncn2[C@@H]1O[C@H](COCP(=O)(O)O)[C@@H](O)[C@H]1O,463.8150000000003,0.6051999999999995,5.0,10.0,6.716698771296451
CHEMBL4792721,O=P(O)(O)COC[C@H]1O[C@@H](n2cnc3c(NC4CC4)nc(Cl)nc32)[C@H](O)[C@@H]1O,477.8420000000003,0.8527999999999996,5.0,10.0,6.230622673923862
CHEMBL4787380,O=P(O)(O)COC[C@H]1O[C@@H](n2cnc3c(NC4CCC4)nc(Cl)nc32)[C@H](O)[C@@H]1O,449.78800000000024,-0.14910000000000034,4.0,10.0,7.080921907623926
CHEMBL4791637,O=P(O)(O)COC[C@H]1O[C@@H](n2cnc3c(NC4CCCC4)nc(Cl)nc32)[C@H](O)[C@@H]1O,465.78700000000026,-0.5485000000000003,5.0,11.0,7.585026652029182
CHEMBL4780463,O=P(O)(O)COC[C@H]1O[C@@H](n2cnc3c(NCC4CCCC4)nc(Cl)nc32)[C@H](O)[C@@H]1O,465.78700000000026,-0.9126999999999996,4.0,11.0,6.906578314837765
CHEMBL4782129,O=P(O)(O)COC[C@H]1O[C@@H](n2cnc3c(N4CCCC4)nc(Cl)nc32)[C@H](O)[C@@H]1O,505.4680000000003,1.6187999999999996,5.0,10.0,7.346787486224656
CHEMBL4786312,O=P(O)(O)COC[C@H]1O[C@@H](n2cnc3c(N[C@@H]4CCOC4)nc(Cl)nc32)[C@H](O)[C@@H]1O,519.4950000000001,1.9272199999999997,5.0,10.0,7.075720713938118
CHEMBL4798490,O=P(O)(O)COC[C@H]1O[C@@H](n2cnc3c(N4CCOCC4)nc(Cl)nc32)[C@H](O)[C@@H]1O,473.4230000000002,0.09819999999999929,5.0,11.0,6.8297382846050425
CHEMBL4786245,O=P(O)(O)COC[C@H]1O[C@@H](n2cnc3c(NC4CCCC4)nc(-c4ccccc4)nc32)[C@H](O)[C@@H]1O,535.4940000000005,1.5307999999999995,5.0,11.0,6.610833915635467
CHEMBL4791441,Cc1ccccc1-c1nc(NC2CCCC2)c2ncn([C@@H]3O[C@H](COCP(=O)(O)O)[C@@H](O)[C@H]3O)c2n1,528.5030000000005,-0.16969999999999824,6.0,12.0,5.455931955649724
CHEMBL4797235,COCc1nc(NC2CCCC2)c2ncn([C@@H]3O[C@H](COCP(=O)(O)O)[C@@H](O)[C@H]3O)c2n1,463.8150000000003,0.6051999999999995,5.0,10.0,6.928117992693875
CHEMBL4787752,O=P(O)(O)COC[C@H]1O[C@@H](n2cnc3c(NC4CCCC4)nc(COc4ccccc4)nc32)[C@H](O)[C@@H]1O,462.8270000000002,1.2101999999999997,5.0,9.0,7.886056647693163
CHEMBL4782600,O=P(O)(O)COC[C@H]1O[C@@H](n2cnc3c(NC4CCCC4)nc(COC4CCNC4)nc32)[C@H](O)[C@@H]1O,462.8270000000002,1.2101999999999997,5.0,9.0,5.0
CHEMBL4745473,O=P(O)(O)COC[C@H]1O[C@@H](n2ncc3c(NC4CCCC4)nc(Cl)nc32)[C@H](O)[C@@H]1O,551.7730000000004,0.9372999999999998,6.0,12.0,8.585026652029182
CHEMBL4785104,O=P(O)(O)COC[C@H]1O[C@@H](n2ncc3c(NC4CCCC4)cc(Cl)nc32)[C@H](O)[C@@H]1O,463.8150000000003,0.6051999999999995,5.0,10.0,8.346787486224656
CHEMBL4783729,O=P(O)(O)COC[C@H]1O[C@@H](n2cnc3c(NC4CCCC4)cc(Cl)nc32)[C@H](O)[C@@H]1O,425.23100000000005,-1.6351000000000009,6.0,11.0,7.481486060122112
CHEMBL4791237,O=P(O)(O)OP(=O)(O)OC[C@H]1O[C@@H](n2cnc3c(NCc4ccccc4)nc(Cl)nc32)[C@H](O)[C@@H]1O,442.7280000000003,6.997200000000009,2.0,2.0,9.397940008672037
CHEMBL4745473,O=P(O)(O)COC[C@H]1O[C@@H](n2ncc3c(NC4CCCC4)nc(Cl)nc32)[C@H](O)[C@@H]1O,456.7110000000003,7.089500000000009,2.0,2.0,9.065501548756432
CHEMBL583969,Nc1ncnc2c1ncn2[C@@H]1O[C@H](COP(=O)(O)CP(=O)(O)O)[C@@H](O)[C@H]1O,440.7120000000003,7.20380000000001,1.0,2.0,5.401209493236885
CHEMBL23236,C=C(C)[C@@H]1CC[C@]2(CO)CC[C@]3(C)[C@H](CC[C@@H]4[C@@]5(C)CC[C@H](O)C(C)(C)[C@@H]5CC[C@]43C)[C@@H]12,454.69500000000033,7.297700000000009,1.0,2.0,4.644740094472621
CHEMBL269277,C=C(C)[C@@H]1CC[C@]2(C(=O)O)CC[C@]3(C)[C@H](CC[C@@H]4[C@@]5(C)CC[C@H](O)C(C)(C)[C@@H]5CC[C@]43C)[C@@H]12,472.7100000000003,6.0619000000000085,3.0,3.0,5.137868620686962
CHEMBL512622,C=C(C)[C@@H]1CC[C@]2(C=O)CC[C@]3(C)[C@H](CC[C@@H]4[C@@]5(C)CC[C@H](O)C(C)(C)[C@@H]5CC[C@]43C)[C@@H]12,553.8280000000004,8.329600000000008,1.0,3.0,4.0
CHEMBL431525,C=C(C)[C@@H]1CC[C@]2(C(=O)O)CC[C@]3(C)[C@H](CC[C@@H]4[C@@]5(C)CCC(=O)C(C)(C)[C@@H]5CC[C@]43C)[C@@H]12,612.8960000000002,7.155600000000009,2.0,5.0,4.363913484896927
CHEMBL251308,C=C(C)[C@@H]1CC[C@]2(C(=O)O)CC[C@]3(C)[C@H](CC[C@@H]4[C@@]5(C)CC[C@H](O)[C@@](C)(CO)[C@@H]5CC[C@]43C)[C@@H]12,582.8700000000002,7.656900000000009,2.0,4.0,4.0
CHEMBL5191234,C=C(C)[C@@H]1CC[C@]2(C(=O)O)CC[C@]3(C)[C@H](CC[C@@H]4[C@@]5(C)CC[C@H](OC(=O)N6CCCC6)C(C)(C)[C@@H]5CC[C@]43C)[C@@H]12,568.8430000000002,7.139000000000009,2.0,4.0,4.0
CHEMBL5177221,C=C(C)[C@@H]1CC[C@]2(C(=O)O)CC[C@]3(C)[C@H](CC[C@@H]4[C@@]5(C)CC[C@H](OC(=O)NCCN6CCOCC6)C(C)(C)[C@@H]5CC[C@]43C)[C@@H]12,539.8010000000004,7.98580000000001,2.0,3.0,4.0
CHEMBL5170776,C=C(C)[C@@H]1CC[C@]2(C(=O)O)CC[C@]3(C)[C@H](CC[C@@H]4[C@@]5(C)CC[C@H](OC(=O)N6CCC(N)CC6)C(C)(C)[C@@H]5CC[C@]43C)[C@@H]12,541.8170000000003,8.231800000000009,2.0,3.0,4.0
CHEMBL5185215,C=C(C)[C@@H]1CC[C@]2(C(=O)O)CC[C@]3(C)[C@H](CC[C@@H]4[C@@]5(C)CC[C@H](OC(=O)N6CCNCC6)C(C)(C)[C@@H]5CC[C@]43C)[C@@H]12,543.7890000000003,6.8157000000000085,3.0,4.0,4.774432286560529
CHEMBL5207447,C=C(C)[C@@H]1CC[C@]2(C(=O)O)CC[C@]3(C)[C@H](CC[C@@H]4[C@@]5(C)CC[C@H](OC(=O)NC6CC6)C(C)(C)[C@@H]5CC[C@]43C)[C@@H]12,567.8550000000004,8.719700000000007,1.0,3.0,4.089215565207163
CHEMBL5190085,C=C(C)[C@@H]1CC[C@]2(C(=O)O)CC[C@]3(C)[C@H](CC[C@@H]4[C@@]5(C)CC[C@H](OC(=O)NC(C)C)C(C)(C)[C@@H]5CC[C@]43C)[C@@H]12,582.8700000000002,7.48120000000001,1.0,4.0,5.244887733604929
CHEMBL5207600,C=C(C)[C@@H]1CC[C@]2(C(=O)O)CC[C@]3(C)[C@H](CC[C@@H]4[C@@]5(C)CC[C@H](OC(=O)NCCO)C(C)(C)[C@@H]5CC[C@]43C)[C@@H]12,555.8000000000003,6.910300000000009,2.0,4.0,4.429573821641028
